,bias,미국 내구재 주문,컨퍼런스보드 소비자 심리지수 Actual,미국 소비자 물가 상승률,미국 신규 실업수당 청구건수,미국 소비율
bias,,,,,,
미국 내구재 주문,,1.0,0.77615753303413,0.8711623738037624,-0.9008943646677378,0.7994159891343293
컨퍼런스보드 소비자 심리지수 Actual,,0.77615753303413,1.0,0.9490993786189071,-0.8813374055197872,0.968119904041847
미국 소비자 물가 상승률,,0.8711623738037624,0.9490993786189071,1.0,-0.9362444922312205,0.9836097501879116
미국 신규 실업수당 청구건수,,-0.9008943646677378,-0.8813374055197872,-0.9362444922312205,1.0,-0.9048933381560674
미국 소비율,,0.7994159891343293,0.968119904041847,0.9836097501879116,-0.9048933381560674,1.0
